Titre,Lien,Image
"Carte Pokémon - Fulgudog V SWSH219, prix : 5,00 €, marque : Pokémon, taille : Taille non spécifiée",https://www.vinted.fr/items/5623490831-carte-pokemon-fulgudog-v-swsh219?referrer=catalog,https://images1.vinted.net/t/03_006cf_8VYmUvVcojjZv6irG9NKFF4d/50x50/1724594561.jpeg?s=689a02b919ea778ff2be0ace4037224714e05da6
"Promo tripack 4.5, prix : 1,50 €, marque : Pokémon, taille : Taille non spécifiée",https://www.vinted.fr/items/5623490872-promo-tripack-45?referrer=catalog,https://images1.vinted.net/t/01_006da_5NeFbb8x34AP5WvUQsizZJJ5/50x50/1732740910.jpeg?s=0dc2193dc8e0bc7ef6478ad7245b3543e1c08afd
"Chef de fer EX RR 078/187, prix : 1,00 €, marque : Pokémon, taille : Taille non spécifiée",https://www.vinted.fr/items/5623489306-chef-de-fer-ex-rr-078187?referrer=catalog,https://images1.vinted.net/t/01_023d2_sJTxd9TGqcWviRu9UTDvAa6X/50x50/1695224502.jpeg?s=a9845994678324cac461f5ff744fcf49a5b80357
"Lots shiny destinée de paldea, prix : 10,00 €, marque : Pokémon, taille : Taille non spécifiée",https://www.vinted.fr/items/5623488414-lots-shiny-destinee-de-paldea?referrer=catalog,https://images1.vinted.net/t/01_011a4_FuhcVBuCXxAdDD7uH3QMFDst/50x50/1703712627.jpeg?s=30472169734a5321f063bfd34a391ab99fdc88d3
"Sleeve gold pikachu, prix : 30,00 €, marque : Pokémon, taille : Taille non spécifiée",https://www.vinted.fr/items/5623488288-sleeve-gold-pikachu?referrer=catalog,https://images1.vinted.net/t/04_01e95_GE2KgS2hrMpydtE7s5mLciqc/50x50/1733882693.jpeg?s=9c7db3a81fa39c7737e8643bf81f983a0e3f0df1
"Masterball Sv8a Terrastal Festival japanese Mint, prix : 19,99 €, marque : Pokémon, taille : Taille non spécifiée",https://www.vinted.fr/items/5623488135-masterball-sv8a-terrastal-festival-japanese-mint?referrer=catalog,https://images1.vinted.net/t/02_02628_M5cEAtK68Tfcb4qHB77jzCCy/50x50/1732448179.jpeg?s=778480983be5550bfcdfe3b744fb425db3d2d2ce
"Lots de 3 cartes Pokémon Darumarond, Éoko et Skelénox, prix : 2,50 €, marque : Pokémon, taille : Taille non spécifiée",https://www.vinted.fr/items/5623487362-lots-de-3-cartes-pokemon-darumarond-eoko-et-skelenox?referrer=catalog,https://images1.vinted.net/t/01_0245e_JtWzppUqg2UPDQdev17RYuKX/50x50/1735576010.jpeg?s=0a47a21ef2b71efe3f97ec5177d4f5a842a9824d
"Lots 50 cartes Pokémon EN, prix : 10,00 €, marque : Pokémon, taille : Taille non spécifiée",https://www.vinted.fr/items/5623480866-lots-50-cartes-pokemon-en?referrer=catalog,https://marketplace-web-assets.vinted.com/assets/no-photo/user-empty-state.svg
"carte pokémon, électhor, ex, (carte xxl), JUMBO, prix : 2,00 €, marque : Pokémon, taille : Taille non spécifiée",https://www.vinted.fr/items/5623170464-carte-pokemon-electhor-ex-carte-xxl-jumbo,https://images1.vinted.net/t/02_025b7_TE7p7hoZ4rpEQKptSGAuttok/50x50/1653686715.jpeg?s=6efb24e8332c10e21e1b8a92161eaf2b9c79148e
"Dracaufeu jap, prix : 15,00 €, marque : Pokémon, taille : Taille non spécifiée",https://www.vinted.fr/items/5623486295-dracaufeu-jap?referrer=catalog,https://images1.vinted.net/t/03_01325_GD359jaZrh3x6ugjUGDP2smL/50x50/1637233055.jpeg?s=34c4083607c2e8a743c65d5a46f665cdfe9ba870
